ONS LA Code,Region/Local Authority,2018 Q3,2018 Q2,2018 Q1,2017 Q4,2017 Q3,2017 Q2,2017 Q1,2016 Q4,2016 Q3,2016 Q2,2016 Q1,2015 Q4,2015 Q3,2015 Q2,2015 Q1,2014 Q4,2014 Q3,2014 Q2,2014 Q1,2013 Q4,2013 Q3,2013 Q2,2013 Q1,2012 Q4,2012 Q3,2012 Q2,2012 Q1,2011 Q4
K02000001,United Kingdom,185470,170576,157377,143730,132314,118708,108417,95641,87110,76772,68008,57028,50452,44361,38823,30870,25750,21021,18690,16962,16039,15457,14638,14101,13332,12856,12309,11999
K03000001,Great Britain,182994,168239,155242,141766,130519,117062,106887,94266,85863,75679,67010,56186,49702,43694,38248,30405,25349,20711,18396,16705,15809,15249,14465,13937,13184,12735,12205,11900
E92000001,England,165386,152493,140387,128837,118250,106469,97217,85762,77987,68938,60804,50793,44598,39338,34389,27314,22539,18281,16311,14848,14022,13434,12815,12297,11773,11283,10904,10782
E12000001,North East,3369,3225,3116,2986,2867,2737,2582,2427,2359,2269,2124,1909,1763,1579,1374,1111,894,695,597,524,537,516,497,474,459,458,415,425
E06000047,   County Durham UA,668,648,616,607,595,601,582,554,545,536,504,456,420,355,294,226,178,122,104,95,87,73,63,58,55,58,55,80
E06000005,   Darlington UA,186,175,161,159,136,126,119,108,86,69,66,56,49,48,41,37,29,26,20,19,19,17,16,11,11,11,10,11
E06000001,   Hartlepool UA,74,71,67,62,55,51,48,40,36,32,26,22,23,19,16,15,14,8,8,7,7,7,8,8,9,9,6,5
E06000002,   Middlesbrough UA,57,57,51,46,44,49,49,46,46,45,47,43,40,34,33,25,25,16,13,13,14,14,8,7,6,5,5,5
E06000057,   Northumberland UA,659,627,607,575,531,487,456,419,388,367,346,307,281,260,224,187,143,103,94,73,106,101,95,95,95,93,94,92
E06000003,   Redcar and Cleveland UA,80,71,69,67,70,51,45,38,36,35,36,35,30,28,20,17,11,8,8,6,5,c,c,c,5,c,c,c
E06000004,   Stockton-on-Tees UA,185,176,175,167,162,142,133,126,130,127,112,96,88,74,64,58,50,46,42,38,36,33,33,34,37,37,35,35
E11000004,   Tyne and Wear (Met County),1449,1389,1359,1292,1263,1219,1139,1085,1080,1047,976,883,821,750,671,535,433,355,297,262,252,256,260,247,230,230,196,183
E08000037,      Gateshead,273,270,263,244,249,243,232,208,208,205,191,175,169,152,144,130,108,103,92,86,88,95,99,93,80,80,71,53
E08000021,      Newcastle upon Tyne,328,307,294,284,266,249,228,216,219,210,190,166,149,146,134,109,94,75,56,47,43,47,40,42,39,34,30,31
E08000022,      North Tyneside,260,240,230,205,203,186,162,156,154,144,134,116,106,96,80,58,43,29,21,15,14,11,12,8,10,11,11,9
E08000023,      South Tyneside,248,249,252,253,241,227,220,215,208,201,184,162,155,149,134,99,79,64,53,38,35,35,34,32,30,28,28,26
E08000024,      Sunderland,340,323,320,306,304,314,297,290,291,287,277,264,242,207,179,139,109,84,75,76,72,68,75,72,71,77,56,64
,Local Authority unknown 3,11,11,11,11,11,11,11,11,12,11,11,11,11,11,11,11,11,11,11,11,11,11,11,11,11,11,11,11
E12000002,North West,10018,9295,8722,8126,7604,6929,6499,5789,5451,5091,4769,4104,3592,3161,2728,2291,2004,1711,1512,1393,1343,1189,1065,1010,978,918,875,864
E06000008,   Blackburn with Darwen UA,152,139,128,112,103,104,97,84,80,71,60,54,48,46,34,34,28,28,23,22,25,22,17,17,18,20,19,18
E06000009,   Blackpool UA,197,183,182,170,168,162,151,135,123,117,108,93,77,61,42,26,21,23,23,19,22,22,20,18,14,11,10,9
E06000049,   Cheshire East UA,1200,1097,1003,917,851,743,680,613,570,484,418,337,290,256,210,165,148,117,100,95,78,80,67,60,56,48,45,41
E06000050,   Cheshire West and Chester UA,761,699,632,575,540,469,429,385,351,331,296,240,218,184,155,122,106,88,75,68,64,60,51,49,46,42,42,38
E06000006,   Halton UA,174,163,161,142,130,126,127,119,107,93,99,87,76,70,58,52,45,46,42,43,43,40,38,30,29,28,30,29
E06000007,   Warrington UA,374,355,341,322,302,255,242,210,206,189,176,144,113,91,81,65,53,45,39,33,31,28,24,19,15,9,7,6
E10000006,   Cumbria,586,539,502,478,451,448,441,399,362,328,314,268,243,209,172,137,104,80,64,52,51,43,41,36,35,31,29,28
E07000026,      Allerdale,90,86,81,79,75,71,70,66,63,57,59,48,44,38,30,24,14,11,7,c,c,c,c,c,c,c,c,c
E07000027,      Barrow-in-Furness,52,50,46,44,41,38,35,28,29,31,31,25,24,19,12,10,7,c,c,5,7,c,c,c,c,c,c,c
E07000028,      Carlisle,120,110,99,95,99,123,117,109,91,71,64,55,51,42,38,27,22,14,9,8,9,8,8,6,5,c,c,c
E07000029,      Copeland,78,77,74,69,68,62,65,55,53,60,54,46,44,40,34,29,22,18,15,13,12,9,8,5,c,6,6,5
E07000030,      Eden,58,52,46,46,45,40,40,38,34,28,27,26,16,16,11,10,10,9,8,5,c,c,c,c,5,c,c,c
E07000031,      South Lakeland,188,164,156,145,123,114,114,103,92,81,79,68,64,54,47,37,29,24,21,17,15,15,15,14,14,13,12,13
E11000001,   Greater Manchester (Met County),3353,3104,2963,2812,2637,2372,2222,1960,1869,1819,1727,1520,1322,1171,1078,911,811,669,582,530,514,445,396,387,379,362,341,346
E08000001,      Bolton,343,330,313,270,254,240,235,203,185,172,166,144,122,102,89,80,79,71,63,58,56,50,44,42,43,40,38,39
E08000002,      Bury,262,243,282,374,349,274,261,200,192,215,261,244,176,161,161,104,96,53,25,19,17,15,14,13,14,13,12,13
E08000003,      Manchester,464,437,413,380,329,305,289,261,260,238,193,168,160,142,135,118,110,97,87,72,72,66,62,59,55,48,51,52
E08000004,      Oldham,216,192,185,175,163,159,155,151,147,145,140,132,114,98,91,76,69,46,33,30,29,26,25,24,22,21,19,22
E08000005,      Rochdale,246,223,207,187,182,160,142,127,123,110,97,76,66,60,47,37,33,29,22,19,17,17,15,12,13,12,11,12
E08000006,      Salford,340,318,309,290,286,287,282,265,261,253,238,223,222,216,217,211,201,188,184,177,163,125,94,99,98,97,89,87
E08000007,      Stockport,511,460,429,372,354,308,269,239,221,195,186,157,147,131,119,99,84,66,61,56,61,52,49,48,45,39,35,36
E08000008,      Tameside,196,184,166,158,146,123,112,102,97,94,86,70,64,50,39,34,21,19,15,15,14,14,15,14,13,17,14,11
E08000009,      Trafford,459,413,369,342,321,284,260,226,210,229,205,168,142,120,97,78,61,56,54,48,49,46,44,42,40,37,36,37
E08000010,      Wigan,316,304,290,264,253,232,217,186,173,168,155,138,109,91,83,74,57,44,38,36,36,34,34,34,36,38,36,37
E10000017,   Lancashire,1773,1665,1552,1460,1362,1252,1179,1044,983,904,839,714,635,554,444,390,328,259,214,193,185,174,171,161,157,153,142,141
E07000117,      Burnley,71,65,64,53,52,56,54,48,43,41,39,28,26,27,27,20,20,18,12,9,9,8,8,7,5,c,6,6
E07000118,      Chorley,213,204,189,178,173,158,146,133,123,112,99,86,74,70,55,46,37,27,21,16,16,13,14,8,8,6,5,5
E07000119,      Fylde,144,139,128,122,116,103,99,77,68,56,50,46,35,26,16,14,11,8,6,5,5,5,5,c,c,c,c,c
E07000120,      Hyndburn,56,51,47,54,53,50,42,39,35,31,33,27,27,22,15,13,13,11,7,9,8,8,7,9,6,7,6,6
E07000121,      Lancaster,175,158,149,137,121,114,119,105,107,103,99,86,78,69,57,47,37,37,30,27,29,28,23,22,21,19,17,18
E07000122,      Pendle,96,95,92,88,83,78,73,66,66,67,63,55,44,36,28,27,24,18,15,14,16,14,13,12,11,10,9,10
E07000123,      Preston,186,173,169,156,141,135,122,111,105,96,87,71,67,57,46,34,28,25,21,22,20,22,21,24,27,23,21,15
E07000124,      Ribble Valley,118,114,97,99,86,80,74,66,57,48,43,33,28,24,19,18,15,10,9,7,6,6,7,5,5,5,6,6
E07000125,      Rossendale,106,99,91,84,79,68,60,48,46,44,38,34,32,31,26,25,22,15,10,9,7,5,5,5,c,c,c,c
E07000126,      South Ribble,263,247,232,213,203,185,181,167,159,144,141,119,108,86,72,76,70,52,47,43,39,37,37,37,37,39,38,37
E07000127,      West Lancashire,201,186,171,157,143,121,107,85,83,83,77,66,59,52,41,36,28,23,22,18,15,14,16,13,12,14,12,12
E07000128,      Wyre,144,134,123,119,112,104,102,99,91,79,70,63,57,54,42,34,23,15,14,14,15,14,15,16,18,18,15,19
E11000002,   Merseyside (Met County),1440,1347,1253,1134,1056,995,928,837,797,752,729,644,567,516,451,386,357,353,347,335,327,271,237,230,226,211,207,205
E08000011,      Knowsley,121,112,102,90,85,81,75,64,58,53,47,38,32,31,24,21,16,13,12,10,6,5,c,c,c,c,c,c
E08000012,      Liverpool,350,321,299,272,248,238,221,203,200,184,179,171,161,144,129,112,109,111,113,113,116,112,108,109,108,112,108,107
E08000014,      Sefton,430,413,385,358,335,310,289,266,254,246,233,222,203,196,182,169,163,168,168,166,163,114,88,86,81,66,73,72
E08000013,      St. Helens,149,137,126,115,104,97,93,80,76,70,67,58,51,42,31,23,20,17,17,14,15,17,17,15,17,14,8,10
E08000015,      Wirral,390,364,341,299,284,269,250,224,209,199,203,155,120,103,85,61,49,44,37,32,27,23,20,17,17,16,15,13
,Local Authority District unknown 3,8,c,5,c,c,c,c,c,c,c,c,c,c,c,c,c,c,c,c,c,c,c,c,c,c,c,c,c
E12000003,Yorkshire and The Humber,11595,10707,9829,9122,8310,7494,6832,5952,5377,4783,4030,3301,2840,2506,2260,1860,1557,1304,1175,1035,757,736,739,706,681,654,650,637
E06000011,   East Riding of Yorkshire UA,446,401,367,347,314,288,274,246,219,188,172,144,123,112,98,74,61,44,36,27,24,23,19,16,15,21,21,21
E06000010,   Kingston upon Hull City UA,200,193,191,178,166,153,140,131,117,107,96,81,74,72,68,56,49,47,47,50,51,49,44,43,41,36,34,33
E06000012,   North East Lincolnshire UA,191,181,173,156,143,121,115,97,71,52,50,47,41,38,34,28,29,23,23,23,25,24,24,22,22,23,20,20
E06000013,   North Lincolnshire UA,220,202,190,173,158,145,133,113,102,91,85,75,68,70,75,74,69,35,33,34,33,34,28,25,25,26,27,29
E06000014,   York UA,438,400,384,354,326,296,297,272,264,239,235,216,210,196,188,176,174,162,157,150,151,151,150,146,149,139,143,141
E10000023,   North Yorkshire,1127,1049,943,855,742,676,616,539,496,450,408,325,282,247,194,158,139,118,94,84,81,70,63,56,52,49,51,47
E07000163,      Craven,100,94,83,73,63,60,56,50,51,43,45,33,29,25,15,7,8,6,c,c,5,c,c,c,c,c,c,c
E07000164,      Hambleton,160,154,137,120,116,110,96,82,75,66,60,47,43,39,28,24,24,21,17,15,17,15,12,10,8,6,7,7
E07000165,      Harrogate,421,393,354,327,285,248,224,195,174,156,143,105,90,81,60,45,37,35,31,25,21,21,19,17,15,15,16,13
E07000166,      Richmondshire,81,77,74,72,55,54,47,40,39,38,31,26,24,21,19,16,12,7,6,6,5,5,c,c,c,c,c,c
E07000167,      Ryedale,102,94,87,81,64,58,61,51,45,41,36,32,29,28,23,20,15,14,11,10,10,9,9,9,8,8,9,9
E07000168,      Scarborough,107,100,92,84,75,71,60,59,55,50,43,40,36,26,26,30,27,23,17,17,16,12,12,12,13,11,10,10
E07000169,      Selby,156,137,116,98,84,75,72,62,57,56,50,42,31,27,23,16,16,12,8,7,7,c,c,c,c,c,c,c
E11000003,   South Yorkshire (Met County),2623,2436,2283,2076,2006,1821,1697,1465,1411,1343,1294,1029,895,838,835,692,546,449,413,324,138,133,174,168,167,156,168,172
E08000016,      Barnsley,274,243,214,198,187,163,160,143,131,128,124,100,88,87,70,49,36,28,22,20,20,21,21,19,21,17,9,9
E08000017,      Doncaster,1078,1019,999,927,948,874,811,680,686,685,693,541,467,471,547,465,364,307,282,208,28,28,70,70,70,72,96,95
E08000018,      Rotherham,285,265,245,221,195,181,168,145,143,135,128,107,86,67,50,38,32,27,29,29,24,22,21,21,18,15,11,11
E08000019,      Sheffield,986,909,825,730,676,603,558,497,451,395,349,281,254,213,168,140,114,87,80,67,66,62,62,58,58,52,52,57
E11000006,   West Yorkshire (Met County),6348,5843,5295,4980,4452,3992,3559,3087,2696,2312,1689,1383,1146,932,767,601,489,425,371,342,253,251,236,229,209,203,185,173
E08000032,      Bradford,524,480,448,419,392,347,321,288,269,223,232,216,151,133,115,86,74,57,43,42,38,37,32,32,31,33,30,25
E08000033,      Calderdale,305,287,253,240,223,198,184,161,154,136,119,100,86,74,62,48,41,36,29,19,17,15,12,12,12,9,9,9
E08000034,      Kirklees,518,494,461,426,399,357,318,279,257,224,192,161,149,131,119,112,95,78,60,59,57,49,53,50,47,46,40,39
E08000035,      Leeds,4579,4193,3776,3552,3124,2788,2451,2099,1769,1511,936,717,588,445,335,236,177,138,126,108,102,110,98,97,88,86,78,74
E08000036,      Wakefield,422,389,357,343,314,302,285,260,247,218,210,189,172,149,136,119,102,116,113,114,39,40,41,38,31,29,28,26
,Local Authority unknown 3,c,c,c,c,c,c,c,c,c,c,c,c,c,c,c,c,c,c,c,c,c,c,c,c,c,c,c,c
E12000004,East Midlands,10162,9301,8477,7847,7005,6417,5825,5168,4592,4179,3681,3139,2839,2506,2207,1853,1662,1393,1231,1145,1132,1134,1098,1075,942,910,889,895
E06000015,   Derby UA,1064,988,894,787,711,600,527,465,412,362,306,235,207,178,137,119,102,89,74,77,77,77,64,67,66,61,56,58
E06000016,   Leicester UA,686,669,538,521,335,347,303,282,261,238,214,197,192,203,247,206,202,204,195,196,196,212,206,212,213,212,211,208
E06000018,   Nottingham UA,469,440,437,412,379,343,306,285,257,226,192,169,164,151,139,128,100,97,80,66,55,55,58,58,55,51,48,48
E06000017,   Rutland UA,112,101,91,83,81,66,59,52,55,49,43,33,27,26,25,17,13,9,7,7,7,6,7,8,9,9,6,7
E10000007,   Derbyshire,1880,1638,1466,1409,1192,1116,981,891,822,751,679,569,544,483,443,340,305,241,209,189,183,186,173,169,165,159,153,74
E07000032,      Amber Valley,233,205,176,164,146,131,121,107,106,97,88,78,76,62,51,43,35,31,25,20,16,14,9,10,11,11,10,9
E07000033,      Bolsover,90,85,80,72,63,59,52,43,40,33,34,27,25,16,15,14,14,9,7,5,c,c,5,c,c,c,c,c
E07000034,      Chesterfield,536,387,334,375,259,260,198,193,191,179,158,110,115,113,130,65,54,26,20,18,15,16,15,14,16,14,15,18
E07000035,      Derbyshire Dales,167,157,142,132,111,97,93,85,68,64,56,52,47,39,31,26,24,15,10,9,10,10,8,7,7,6,5,6
E07000036,      Erewash,371,370,344,312,295,276,260,240,215,195,181,165,157,147,134,130,124,117,114,109,110,114,114,113,112,110,105,21
E07000037,      High Peak,139,124,117,108,102,100,85,72,64,59,50,44,40,35,28,22,22,20,17,17,17,17,13,12,11,9,9,11
E07000038,      North East Derbyshire,170,152,130,117,101,88,79,65,59,53,51,44,41,34,25,19,13,9,5,c,c,5,5,5,c,c,c,c
E07000039,      South Derbyshire,174,158,143,129,115,105,93,86,79,71,61,49,43,37,29,21,19,14,11,7,7,6,c,c,c,c,c,c
E10000018,   Leicestershire,1460,1337,1279,1128,1039,942,869,747,673,703,599,500,425,358,309,266,242,203,170,159,161,140,133,122,121,113,115,200
E07000129,      Blaby,246,212,249,185,174,147,135,108,98,185,128,107,92,55,47,41,40,32,27,26,29,22,20,19,23,19,22,21
E07000130,      Charnwood,346,332,300,281,260,222,196,153,138,126,122,99,88,89,72,68,58,55,48,44,43,39,35,32,33,29,32,119
E07000131,      Harborough,242,223,202,186,170,160,149,134,118,110,102,87,70,68,59,52,42,32,26,24,25,21,21,18,15,15,14,13
E07000132,      Hinckley and Bosworth,198,182,165,154,146,140,137,125,111,96,89,80,71,59,51,43,40,30,22,19,19,19,18,18,19,18,17,17
E07000133,      Melton,107,100,91,80,72,68,59,52,49,40,34,28,23,21,18,17,16,11,12,13,14,11,11,11,7,8,6,6
E07000134,      North West Leicestershire,227,207,199,174,154,141,131,114,103,90,76,60,45,35,33,22,23,24,18,16,15,13,14,11,11,11,10,10
E07000135,      Oadby and Wigston,89,76,68,63,58,59,57,56,51,51,43,34,31,26,24,18,18,14,12,12,11,10,9,8,8,8,9,9
,Local Authority District unknown 3,5,5,5,5,5,5,5,5,5,5,5,5,5,5,5,5,5,5,5,5,5,5,5,5,5,5,5,5
E10000019,   Lincolnshire,1068,1006,937,857,789,712,673,597,570,492,444,352,325,274,232,187,178,127,113,92,88,82,72,72,70,61,60,58
E07000136,      Boston,83,70,70,71,68,61,51,47,46,43,43,31,28,24,20,15,13,10,7,5,c,5,6,6,6,6,c,c
E07000137,      East Lindsey,174,168,156,142,132,118,112,103,100,90,81,64,61,54,50,42,38,26,25,20,17,18,12,12,12,11,14,14
E07000138,      Lincoln,103,103,99,92,86,80,71,56,66,58,53,42,41,29,25,20,20,13,13,9,12,12,8,10,9,c,c,c
E07000139,      North Kesteven,179,175,157,144,129,112,123,120,116,88,74,60,52,48,41,38,34,23,18,16,14,13,14,13,13,12,12,10
E07000140,      South Holland,111,100,98,91,84,74,74,68,64,52,44,37,35,28,22,16,18,12,12,12,9,8,9,8,7,7,7,6
E07000141,      South Kesteven,238,225,204,182,170,154,145,124,115,108,99,74,69,57,43,29,30,21,18,13,15,12,12,11,11,10,9,8
E07000142,      West Lindsey,177,162,150,132,117,110,95,77,61,51,48,42,37,32,29,25,23,20,18,15,15,12,9,10,10,9,9,10
,Local Authority District unknown 3,c,c,c,c,c,c,c,c,c,c,c,c,c,c,c,c,c,c,c,c,c,c,c,c,c,c,c,c
E10000021,   Northamptonshire,2079,1896,1693,1598,1503,1401,1279,1142,891,762,679,615,550,497,410,372,330,272,242,230,236,242,256,242,123,118,113,110
E07000150,      Corby,102,87,80,74,77,77,74,66,60,57,48,44,35,29,26,26,21,16,13,10,10,8,6,6,5,6,6,c
E07000151,      Daventry,237,206,193,178,165,143,133,122,115,107,98,80,67,58,52,47,46,38,30,32,35,43,42,45,46,47,43,39
E07000152,      East Northamptonshire,174,154,134,119,103,96,88,82,74,70,61,59,50,44,36,30,25,14,12,10,11,9,9,6,6,5,5,7
E07000153,      Kettering,753,693,597,530,474,396,327,283,217,148,122,92,74,57,42,40,36,24,21,18,15,15,14,12,10,8,10,10
E07000154,      Northampton,382,354,328,312,278,260,235,229,214,185,162,143,132,117,98,80,74,59,55,46,40,37,37,34,33,32,32,33
E07000155,      South Northamptonshire,320,288,261,290,322,352,353,300,156,148,146,161,163,165,131,120,106,105,99,101,114,120,137,128,13,10,9,9
E07000156,      Wellingborough,110,114,100,95,84,77,69,60,55,47,42,36,29,27,25,29,22,16,12,13,11,10,11,11,10,10,8,8
,Local Authority District unknown 3,c,0,0,0,0,0,0,0,0,0,0,0,0,0,0,0,0,0,0,0,0,0,0,0,0,0,0,0
E10000024,   Nottinghamshire,1338,1220,1132,1046,970,885,825,704,648,594,523,467,403,334,263,216,189,149,139,127,127,132,127,123,118,124,125,130
E07000170,      Ashfield,143,134,129,120,114,106,105,89,81,75,66,60,54,44,32,23,20,15,14,13,11,10,10,9,9,8,7,8
E07000171,      Bassetlaw,168,159,142,134,126,112,108,88,81,65,59,52,46,41,37,30,25,22,21,19,18,19,19,17,16,18,18,21
E07000172,      Broxtowe,195,176,163,148,135,125,118,101,97,93,87,78,77,69,53,52,54,46,47,46,49,56,58,59,60,64,67,70
E07000173,      Gedling,196,176,161,151,140,129,115,101,91,84,70,65,56,48,39,31,26,16,16,13,13,12,10,8,7,8,8,7
E07000174,      Mansfield,131,125,119,107,104,99,97,77,68,63,55,47,36,30,25,19,17,14,14,13,13,14,10,10,7,6,5,5
E07000175,      Newark and Sherwood,225,196,189,175,159,143,131,119,111,106,96,85,70,60,45,34,29,22,18,14,14,12,12,10,9,9,10,12
E07000176,      Rushcliffe,280,254,229,211,192,170,150,128,118,108,90,80,64,42,32,27,18,14,9,9,9,9,8,10,10,11,10,7
,Local Authority District unknown 3,0,0,0,0,0,c,c,c,c,0,0,0,0,0,0,0,0,0,0,0,0,0,0,0,0,0,0,0
,Local Authority unknown 3,6,6,10,6,6,5,c,c,c,c,c,c,c,c,c,c,c,c,c,c,c,c,c,c,c,c,c,c
E12000005,West Midlands,25221,23682,21902,19898,18399,16744,15344,13432,12093,10675,9305,7596,6521,5819,5015,4319,3427,2524,2198,2073,2049,1892,1762,1684,1368,1260,1104,1085
E06000019,   Herefordshire County UA,435,387,357,327,297,256,227,201,181,163,150,133,121,97,91,79,63,53,44,45,45,42,40,38,35,33,32,31
E06000051,   Shropshire UA,748,720,602,433,400,378,338,301,277,262,241,206,190,174,157,119,93,73,69,62,56,55,48,44,36,25,20,23
E06000021,   Stoke-on-Trent UA,317,288,267,246,231,212,204,189,179,164,152,123,110,93,84,71,60,38,39,34,34,28,26,24,25,24,26,27
E06000020,   Telford and Wrekin UA,232,213,197,172,158,150,145,134,133,104,90,72,70,59,52,38,27,24,23,20,18,19,15,14,15,13,13,11
E10000028,   Staffordshire,1657,1531,1418,1315,1240,1121,1062,989,916,846,758,685,625,577,471,389,335,298,268,252,232,229,211,219,197,200,199,200
E07000192,      Cannock Chase,288,281,258,256,260,243,249,251,217,214,182,178,176,172,170,156,137,135,134,129,121,122,116,119,100,104,107,112
E07000193,      East Staffordshire,218,195,181,162,141,133,122,115,107,104,104,101,94,89,31,25,20,16,12,13,10,11,8,8,8,8,9,11
E07000194,      Lichfield,253,232,207,189,174,152,143,124,124,110,94,76,65,62,49,35,31,28,24,22,20,17,17,21,20,20,19,19
E07000195,      Newcastle-under-Lyme,173,161,152,135,118,103,99,83,79,73,66,52,42,37,32,25,21,15,13,9,8,9,6,5,5,c,c,c
E07000196,      South Staffordshire,183,166,151,142,135,117,105,94,95,83,76,64,56,48,41,27,20,18,15,15,13,11,8,10,11,10,10,7
E07000197,      Stafford,251,233,222,200,194,175,160,154,146,138,129,118,109,100,87,77,69,60,50,45,42,41,38,36,35,35,34,32
E07000198,      Staffordshire Moorlands,159,147,134,122,114,106,102,95,85,70,60,50,46,39,34,25,17,12,9,9,9,9,9,10,10,13,13,13
E07000199,      Tamworth,132,116,113,109,104,91,81,71,62,53,46,45,36,30,27,19,20,14,11,10,9,9,9,10,8,6,5,5
,Local Authority District unknown 3,0,0,0,0,0,c,c,c,c,c,c,c,c,0,0,0,0,0,0,0,0,0,0,0,0,0,0,0
E10000031,   Warwickshire,1701,1662,1597,1205,1151,1017,843,692,636,539,480,400,375,323,266,222,186,159,129,124,115,110,101,89,89,80,124,126
E07000218,      North Warwickshire,165,156,148,135,131,118,113,101,99,87,80,71,70,55,50,42,37,35,24,21,20,21,16,17,11,11,55,61
E07000219,      Nuneaton and Bedworth,144,135,129,112,106,91,84,80,74,63,59,42,41,34,24,19,15,12,10,11,10,8,7,7,17,14,15,16
E07000220,      Rugby,268,238,206,186,169,153,132,112,101,86,78,68,57,49,40,30,26,20,18,17,16,14,13,11,11,13,12,9
E07000221,      Stratford-on-Avon,711,755,775,467,463,406,287,212,190,162,142,118,109,96,81,74,58,46,36,35,30,31,28,19,15,12,13,12
E07000222,      Warwick,412,378,338,304,281,249,226,186,171,141,120,100,97,89,70,56,49,46,40,39,38,36,36,34,34,30,28,27
,Local Authority District unknown 3,c,0,c,c,c,0,c,c,c,0,c,c,c,0,c,c,c,0,c,c,c,0,c,c,c,0,c,c
E11000005,   West Midlands (Met County),18657,17442,16103,14983,13770,12563,11575,10122,9011,7919,6818,5368,4421,3833,3204,2606,1841,1104,946,873,839,824,777,719,641,596,540,536
E08000025,      Birmingham,15547,14511,13383,12237,11169,10374,9724,8516,7536,6590,5595,4360,3510,3038,2488,1970,1260,573,439,381,354,335,280,257,229,197,167,160
E08000026,      Coventry,399,362,352,323,323,307,281,247,244,199,230,202,183,174,167,146,140,124,106,106,111,114,109,102,112,114,115,121
E08000027,      Dudley,424,395,369,331,325,306,292,289,276,264,246,213,178,148,133,111,87,81,72,71,63,60,57,58,57,60,59,61
E08000028,      Sandwell,310,265,245,218,209,202,194,155,144,139,116,100,90,78,70,55,40,31,29,30,26,27,27,24,23,28,28,32
E08000029,      Solihull,1481,1449,1331,1492,1389,1042,782,636,543,478,391,265,279,228,213,208,209,208,223,213,211,218,235,207,151,135,110,104
E08000030,      Walsall,283,260,241,222,195,186,171,160,158,142,133,121,109,100,75,64,58,47,39,37,39,37,36,40,41,36,35,32
E08000031,      Wolverhampton,213,200,182,160,160,146,131,119,110,107,107,107,72,67,58,52,47,40,38,35,35,33,33,31,28,26,26,26
E10000034,   Worcestershire,1467,1434,1356,1213,1148,1043,946,801,757,675,613,606,606,660,687,792,819,773,678,661,708,583,542,535,328,287,148,128
E07000234,      Bromsgrove,345,316,287,262,244,211,192,152,148,121,103,91,74,56,40,31,26,16,11,10,11,10,8,6,7,6,6,6
E07000235,      Malvern Hills,235,216,197,174,155,136,130,117,95,82,65,53,45,45,37,30,25,21,18,16,15,14,12,9,8,7,6,7
E07000236,      Redditch,123,110,105,103,95,91,80,73,69,63,62,53,42,35,27,22,20,13,10,10,9,11,9,8,13,14,6,6
E07000237,      Worcester,160,151,145,128,121,108,103,88,83,78,71,68,72,106,101,117,125,132,115,150,153,165,165,153,138,107,49,23
E07000238,      Wychavon,444,462,460,411,404,379,330,277,275,252,240,281,322,375,449,567,605,577,513,467,512,375,340,350,153,143,71,77
E07000239,      Wyre Forest,160,179,162,135,129,118,111,94,87,79,72,60,51,43,33,25,18,14,11,8,8,8,8,9,9,10,10,9
,Local Authority unknown 3,7,5,5,c,c,c,c,c,c,c,c,c,c,c,c,c,c,c,c,c,c,c,c,c,c,c,c,c
E12000006,East,23725,23266,22022,20644,19294,17301,15946,14078,12728,10543,8873,7254,6359,5445,4388,3075,2187,1687,1377,1186,1113,1035,966,916,1012,950,899,759
E06000055,   Bedford UA,713,1751,1683,1628,1625,1460,1377,1160,1103,898,781,578,463,366,268,175,98,32,25,24,22,20,25,30,161,162,150,19
E06000056,   Central Bedfordshire UA,678,623,558,515,458,416,380,337,320,287,250,233,204,178,163,141,129,109,96,93,95,88,82,77,84,82,78,65
E06000032,   Luton UA,270,241,219,207,181,158,156,134,124,124,102,81,69,59,53,51,46,34,32,33,25,22,22,22,21,21,19,23
E06000031,   Peterborough UA,10109,9699,9367,8908,8324,7519,6914,6159,5448,4085,3036,2523,2206,2018,1566,829,380,273,150,65,60,34,29,30,31,27,24,19
E06000033,   Southend-on-Sea UA,213,198,178,168,157,142,127,110,105,88,83,76,65,59,47,37,32,30,25,23,21,18,19,15,13,10,13,14
E06000034,   Thurrock UA,198,187,169,156,147,130,123,115,103,92,84,67,61,49,39,34,34,25,24,24,20,19,14,15,15,12,11,12
E10000003,   Cambridgeshire,2077,1928,1868,1829,1715,1460,1381,1226,1058,952,939,676,627,437,359,279,253,216,200,190,180,177,176,164,160,143,134,138
E07000008,      Cambridge,290,249,239,215,199,171,153,131,133,119,96,84,70,57,46,37,38,32,27,23,19,19,17,23,21,16,14,17
E07000009,      East Cambridgeshire,228,208,190,176,154,134,127,109,95,81,71,58,53,44,32,27,25,19,17,15,13,12,12,12,9,12,11,11
E07000010,      Fenland,118,112,98,84,84,70,70,67,57,52,56,47,42,29,22,17,14,10,12,11,10,7,7,6,7,7,7,8
E07000011,      Huntingdonshire,781,753,801,872,821,693,684,621,516,475,522,325,316,183,159,116,107,93,95,97,98,97,99,85,84,76,72,72
E07000012,      South Cambridgeshire,660,606,540,482,457,392,347,298,257,225,194,162,146,124,100,82,69,62,49,44,40,42,41,38,39,32,30,30
E10000012,   Essex,2549,2329,2123,1976,1808,1640,1486,1329,1244,1122,996,836,740,645,533,444,370,295,250,220,214,202,191,180,165,161,154,159
E07000066,      Basildon,300,272,249,233,216,192,181,163,155,143,134,114,105,90,74,58,57,43,31,26,27,28,25,20,18,17,17,19
E07000067,      Braintree,226,202,196,178,163,145,127,116,116,106,100,81,72,63,53,37,30,20,13,9,9,c,6,6,6,7,6,7
E07000068,      Brentwood,208,196,180,172,162,154,135,123,122,107,90,76,66,60,42,33,28,30,29,35,33,29,30,32,30,29,31,38
E07000069,      Castle Point,102,94,87,81,76,71,65,57,55,51,48,41,37,30,23,20,17,14,13,10,11,10,7,c,c,c,c,c
E07000070,      Chelmsford,314,287,269,253,224,191,164,149,131,123,103,80,73,64,49,41,31,27,20,15,14,16,14,14,14,11,13,10
E07000071,      Colchester,263,241,208,199,186,168,153,138,124,101,90,70,66,53,48,48,38,33,29,26,23,23,22,22,22,24,20,20
E07000072,      Epping Forest,363,321,288,264,233,218,196,176,155,139,121,99,79,73,63,46,35,29,25,20,16,16,13,11,12,13,12,11
E07000073,      Harlow,90,75,65,55,51,41,40,36,33,29,23,24,22,18,15,11,10,6,6,5,5,5,c,c,c,c,c,c
E07000074,      Maldon,119,117,107,102,97,87,80,70,66,59,60,53,46,42,35,27,20,22,21,18,18,17,17,17,16,15,13,14
E07000075,      Rochford,130,115,103,96,84,80,72,68,66,65,61,61,54,49,46,37,31,22,17,13,12,11,9,6,5,c,c,c
E07000076,      Tendring,149,143,135,134,130,120,119,105,98,92,77,55,46,36,30,28,21,16,17,16,17,16,14,18,17,17,15,12
E07000077,      Uttlesford,282,262,232,205,182,169,150,124,118,102,84,76,68,61,49,53,47,28,24,25,27,25,28,27,18,18,17,18
,Local Authority District unknown 3,c,c,c,c,c,c,c,c,5,5,5,6,6,6,6,5,5,5,5,c,c,c,c,c,c,c,c,c
E10000015,   Hertfordshire,4190,3802,3531,3172,2944,2666,2437,2135,1957,1741,1536,1273,1118,915,728,521,374,295,238,196,176,170,155,141,130,116,119,122
E07000095,      Broxbourne,134,119,103,90,76,71,69,57,53,53,51,46,40,38,21,14,12,6,c,c,c,5,5,c,c,c,c,c
E07000096,      Dacorum,460,424,429,349,308,274,242,220,201,180,156,131,118,94,84,64,50,37,30,23,22,18,17,15,13,12,13,12
E07000242,      East Hertfordshire,448,408,360,321,300,263,233,203,182,150,133,116,99,80,68,54,38,24,16,10,7,7,6,7,7,8,8,7
E07000098,      Hertsmere,404,339,297,276,250,217,200,173,159,135,125,91,87,71,55,47,38,34,32,29,25,25,19,17,17,16,13,15
E07000099,      North Hertfordshire,380,346,318,282,257,229,207,186,172,142,127,105,85,70,58,48,45,38,31,27,25,27,23,21,18,15,14,12
E07000240,      St Albans,532,484,442,381,347,327,286,235,214,195,169,142,121,94,66,53,36,29,20,20,14,15,15,15,14,10,9,11
E07000243,      Stevenage,95,89,88,76,79,68,56,49,44,37,39,32,25,23,20,16,15,11,12,11,12,14,17,14,12,12,12,12
E07000102,      Three Rivers,321,293,271,253,232,193,178,157,136,127,116,98,88,73,64,52,48,42,34,25,22,20,17,13,12,11,11,12
E07000103,      Watford,1138,1049,993,940,903,849,804,711,669,606,517,427,376,307,241,127,56,40,29,20,18,14,11,10,10,9,8,8
E07000241,      Welwyn Hatfield,278,251,230,204,192,175,162,144,127,116,103,85,78,64,50,45,35,34,30,27,27,25,25,25,24,20,27,30
,Local Authority District unknown 3,0,0,0,0,0,0,0,0,0,0,0,0,c,c,c,c,c,0,0,0,0,0,0,0,0,0,0,0
E10000020,   Norfolk,1372,1258,1171,1042,973,867,785,665,623,563,530,457,417,365,320,284,225,182,157,151,141,135,120,113,115,107,100,91
E07000143,      Breckland,188,168,152,130,129,111,102,86,86,74,69,58,58,54,42,40,28,20,16,18,18,16,14,11,14,13,12,11
E07000144,      Broadland,244,224,212,188,165,150,124,106,101,86,84,70,60,49,42,36,30,24,21,22,19,19,18,21,18,17,15,12
E07000145,      Great Yarmouth,69,64,62,54,53,47,46,40,41,40,37,36,35,30,25,24,16,17,17,16,15,15,12,9,10,9,5,5
E07000146,      Kings Lynn and West Norfolk,210,185,170,151,147,129,113,97,93,89,85,70,63,58,52,41,34,29,28,28,26,26,23,24,23,22,19,18
E07000147,      North Norfolk,185,174,172,163,155,145,138,118,107,97,89,78,70,60,57,45,33,23,18,17,16,14,10,11,9,8,9,10
E07000148,      Norwich,160,153,144,130,121,110,104,86,79,68,68,61,58,51,46,45,43,37,36,33,30,28,27,24,29,26,25,21
E07000149,      South Norfolk,314,288,257,224,201,173,156,130,115,108,97,83,72,62,55,52,40,31,20,16,16,16,15,12,11,11,14,14
,Local Authority District unknown 3,c,c,c,c,c,c,c,c,c,c,c,c,c,c,c,c,c,c,c,c,c,c,c,c,c,c,c,0
E10000029,   Suffolk,1352,1246,1150,1039,958,840,777,705,640,586,532,451,386,353,311,279,245,195,179,166,158,149,132,128,116,108,96,96
E07000200,      Babergh,185,174,165,156,147,130,128,111,101,85,83,72,61,55,46,40,34,24,22,20,18,20,20,20,21,21,19,18
E07000201,      Forest Heath,97,86,79,65,64,56,50,43,39,41,37,32,26,27,21,16,14,11,11,10,9,8,9,6,5,c,c,c
E07000202,      Ipswich,148,138,125,116,110,104,97,92,87,76,73,61,55,53,46,45,39,35,35,33,27,26,21,20,20,18,15,16
E07000203,      Mid Suffolk,220,205,192,172,153,139,113,104,91,85,69,61,49,48,42,42,36,25,22,19,19,16,13,14,14,14,13,14
E07000204,      St Edmundsbury,242,226,201,179,158,128,118,109,98,93,84,62,55,47,48,42,38,29,25,25,22,21,19,19,17,17,15,15
E07000205,      Suffolk Coastal,288,264,240,218,202,173,157,136,120,111,103,87,76,66,54,43,34,27,22,21,23,18,16,18,17,14,15,13
E07000206,      Waveney,171,152,146,132,123,109,113,109,103,94,82,75,63,56,53,50,49,43,41,37,39,39,33,30,21,19,16,16
,Local Authority District unknown 3,c,c,c,c,c,c,c,c,c,c,c,c,c,c,c,c,c,c,c,c,c,c,c,c,c,c,c,c
,Local Authority unknown 3,c,c,5,c,c,c,c,c,c,5,c,c,c,c,c,c,c,c,c,c,c,c,c,c,c,c,c,c
E12000007,London,22493,20492,18634,17134,15791,14214,12626,10792,9599,8505,7489,6286,5713,5066,4514,3886,3464,3014,2804,2624,2513,2456,2396,2352,2306,2233,2254,2310
E12000007,   Inner London,9487,8744,8120,7495,6818,6097,5207,4506,4079,3602,3208,2749,2498,2204,1938,1713,1563,1436,1351,1288,1232,1206,1204,1201,1187,1180,1189,1243
E09000007,      Camden,1101,1038,981,931,865,809,604,552,543,509,471,427,394,346,323,295,286,282,262,247,235,227,227,222,222,206,200,206
E09000001,      City of London,156,158,155,147,129,118,134,123,114,94,75,73,59,53,50,43,38,32,29,30,31,30,32,29,28,26,22,22
E09000012,      Hackney,378,337,301,277,248,215,199,163,190,136,112,88,71,61,58,52,51,49,46,43,40,33,35,36,33,35,36,36
E09000013,      Hammersmith and Fulham,766,713,670,599,526,472,406,306,264,227,165,123,109,104,89,74,64,59,57,53,53,55,56,62,55,56,55,58
E09000014,      Haringey,559,501,457,414,374,331,287,257,243,219,195,166,151,129,113,104,93,87,83,76,76,71,69,73,68,67,63,75
E09000019,      Islington,570,502,438,394,376,340,329,282,261,264,294,276,268,192,138,95,87,79,78,76,72,76,76,79,84,80,86,85
E09000020,      Kensington and Chelsea,941,859,785,756,710,677,580,464,406,358,322,270,230,213,190,164,132,114,96,89,83,87,88,87,89,90,89,96
E09000022,      Lambeth,550,516,462,430,402,368,329,283,270,249,219,194,184,171,151,144,140,136,130,130,131,132,134,135,133,133,132,136
E09000023,      Lewisham,366,317,280,253,223,194,179,142,124,114,87,60,51,47,37,32,25,23,23,23,21,19,20,19,20,17,14,16
E09000025,      Newham,307,289,270,253,242,223,176,147,122,106,76,51,42,32,18,19,17,14,14,13,13,10,11,10,11,10,12,11
E09000028,      Southwark,634,573,504,477,434,406,381,341,306,268,249,227,212,193,179,161,161,149,150,147,142,137,133,132,128,128,134,139
E09000030,      Tower Hamlets,559,505,472,411,369,304,254,240,203,173,147,103,89,82,73,66,58,48,45,45,32,27,27,29,31,46,47,51
E09000032,      Wandsworth,757,670,585,512,450,390,352,300,281,247,219,188,171,145,118,108,94,83,78,71,75,77,75,72,76,75,80,86
E09000033,      Westminster,1843,1766,1760,1641,1470,1250,997,906,752,638,577,503,467,436,401,356,317,281,260,245,228,225,221,216,209,211,219,226
E12000007,   Outer London,12910,11681,10442,9565,8906,8055,7354,6221,5458,4848,4211,3475,3155,2800,2514,2114,1845,1532,1402,1284,1230,1197,1140,1099,1069,1008,1013,1015
E09000002,      Barking and Dagenham,255,223,174,151,146,139,129,103,94,69,53,44,40,39,30,26,26,20,19,19,20,20,20,19,17,17,18,18
E09000003,      Barnet,1557,1426,1305,1203,1133,1044,1133,969,837,723,599,507,419,381,323,279,247,228,205,187,173,157,151,152,153,138,142,145
E09000004,      Bexley,418,345,286,245,223,193,175,134,126,103,85,72,65,54,53,37,40,35,38,25,25,23,25,22,23,19,19,19
E09000005,      Brent,821,731,627,578,551,536,497,511,350,309,238,205,178,168,134,120,104,91,81,80,72,73,79,69,70,73,74,77
E09000006,      Bromley,765,689,628,557,511,465,431,371,343,298,279,232,200,187,157,145,97,78,65,55,54,48,37,36,34,31,26,27
E09000008,      Croydon,683,625,543,486,431,375,337,268,262,204,190,161,128,111,99,75,66,56,54,47,45,41,36,33,36,27,31,29
E09000009,      Ealing,1046,958,853,740,680,571,508,437,401,345,318,264,247,232,204,186,144,107,90,78,70,64,63,64,57,53,52,56
E09000010,      Enfield,548,475,421,361,323,296,268,228,220,190,164,152,129,120,105,81,68,59,51,54,49,46,43,38,35,31,36,38
E09000011,      Greenwich,430,385,353,318,277,235,205,171,160,132,116,94,89,70,62,54,43,35,31,28,25,29,27,25,21,15,16,19
E09000015,      Harrow,593,518,456,427,394,355,303,239,214,189,155,120,104,91,75,62,54,43,40,39,36,33,29,29,25,19,14,11
E09000016,      Havering,420,382,359,317,297,281,268,239,215,195,186,151,129,124,117,105,81,72,56,40,34,33,22,22,18,15,14,16
E09000017,      Hillingdon,1023,977,948,1006,1092,1114,846,620,538,580,564,399,428,332,373,243,236,128,124,109,110,107,98,101,98,92,92,91
E09000018,      Hounslow,902,835,803,776,681,624,609,549,534,517,469,436,431,427,396,374,360,351,349,341,343,345,343,335,333,338,349,339
E09000021,      Kingston upon Thames,396,354,315,279,255,218,204,176,155,130,108,93,75,57,51,42,36,32,28,27,25,27,25,23,26,25,25,20
E09000024,      Merton,1113,1078,909,808,737,568,505,404,268,221,147,103,97,70,60,53,41,38,35,27,26,28,28,27,26,24,22,24
E09000026,      Redbridge,525,453,406,365,334,295,277,227,212,187,153,124,107,101,66,49,38,27,21,17,16,16,13,9,10,7,c,5
E09000027,      Richmond upon Thames,715,638,550,493,444,395,341,273,252,231,206,162,151,119,102,85,76,63,55,56,52,53,50,46,44,40,38,41
E09000029,      Sutton,370,323,280,258,229,209,184,158,146,115,93,72,62,55,52,45,39,24,19,19,18,18,14,14,12,13,10,10
E09000031,      Waltham Forest,330,266,226,197,168,142,134,144,131,110,88,84,76,62,55,53,49,45,41,36,37,36,37,35,31,31,32,30
,Local Authority unknown 3,96,67,72,74,67,62,65,65,62,55,70,62,60,62,62,59,56,46,51,52,51,53,52,52,50,45,52,52
E12000008,South East,38145,34558,31302,28247,25627,22807,20719,18958,17433,15377,13193,10619,8919,7504,6535,5441,4541,3679,3390,3074,2895,2915,2882,2841,2888,2862,2826,2844
E06000036,   Bracknell Forest UA,327,283,254,221,209,184,163,147,137,122,113,104,86,77,78,73,65,64,54,52,48,46,45,45,44,42,43,46
E06000043,   Brighton and Hove UA,462,375,330,309,277,249,220,202,181,158,142,122,107,95,85,68,63,48,47,43,39,35,36,30,30,21,21,22
E06000046,   Isle of Wight UA,231,207,194,185,176,156,139,126,120,110,100,85,78,70,64,50,40,36,36,35,31,27,24,25,24,22,16,16
E06000035,   Medway UA,422,404,376,323,302,272,253,206,183,171,150,122,111,92,86,69,71,28,22,20,19,16,19,16,15,13,11,11
E06000042,   Milton Keynes UA,6446,5728,4996,4409,3676,2978,2640,2268,2136,1813,1314,939,768,509,407,339,308,265,272,252,221,232,229,221,212,188,188,178
E06000044,   Portsmouth UA,1987,1803,1592,1415,1242,1053,914,763,644,555,445,352,312,186,153,129,97,93,79,67,60,49,43,38,35,29,32,29
E06000038,   Reading UA,243,224,203,186,163,135,127,110,93,84,76,57,51,49,44,35,30,24,23,18,17,15,15,12,10,9,8,9
E06000039,   Slough UA,6265,5371,4839,4460,4115,3864,3564,3232,2905,2577,2249,1632,1143,831,639,469,304,196,176,158,154,152,146,156,129,116,102,95
E06000045,   Southampton UA,255,240,234,188,166,141,133,112,104,98,94,88,77,74,93,116,64,55,57,47,45,38,33,39,35,35,43,48
E06000037,   West Berkshire UA,1127,1160,1201,1297,1385,1406,1414,2024,1921,1743,1437,1024,755,633,499,367,245,154,134,108,98,78,65,50,41,36,34,36
E06000040,   Windsor and Maidenhead UA,616,567,512,477,436,390,353,289,254,223,213,192,202,199,175,148,131,86,72,53,52,52,55,55,59,61,50,50
E06000041,   Wokingham UA,535,491,419,389,351,309,269,230,208,179,162,142,129,126,117,101,90,73,68,62,56,33,31,30,28,27,25,23
E10000002,   Buckinghamshire,2402,2201,1963,1762,1542,1342,1155,1007,871,738,608,544,452,368,312,242,207,152,131,99,89,76,66,57,52,48,40,41
E07000004,      Aylesbury Vale,644,588,529,485,425,361,326,273,234,206,172,147,125,94,73,52,37,32,26,23,18,14,13,11,13,10,5,5
E07000005,      Chiltern,427,371,328,303,270,238,215,176,157,138,114,94,77,66,54,45,38,28,25,23,22,21,19,15,17,16,15,15
E07000006,      South Bucks,370,307,287,266,232,217,171,155,146,125,105,93,80,66,60,49,46,29,26,22,20,17,14,12,10,11,11,13
E07000007,      Wycombe,960,934,818,706,613,524,441,401,332,267,215,208,168,140,123,94,84,61,52,29,27,22,18,17,10,9,7,6
,Local Authority District unknown 3,c,c,c,c,c,c,c,c,c,c,c,c,c,c,c,c,c,c,c,c,c,c,c,c,c,c,c,c
E10000011,   East Sussex,1137,1041,987,916,864,779,703,602,567,502,456,371,319,282,241,209,179,146,122,109,99,89,87,82,78,74,79,80
E07000061,      Eastbourne,120,112,113,101,89,80,70,58,57,55,54,44,34,35,27,25,21,19,17,16,17,18,17,17,16,15,16,16
E07000062,      Hastings,103,104,100,97,97,83,82,73,71,62,58,49,42,37,34,32,30,24,19,14,14,11,9,9,11,10,11,12
E07000063,      Lewes,248,228,213,198,184,168,148,124,122,111,102,91,79,64,55,48,44,40,35,33,30,28,27,26,22,20,20,21
E07000064,      Rother,198,175,177,165,157,137,127,104,99,84,75,55,50,46,35,32,24,16,9,9,6,6,6,6,6,6,9,8
E07000065,      Wealden,468,422,384,355,337,311,276,243,218,190,167,132,114,100,90,72,60,47,42,37,32,26,28,24,23,23,23,23
E10000014,   Hampshire,3938,3706,3428,2891,2722,2392,2214,1971,1888,1716,1579,1436,1362,1310,1223,1127,1045,980,948,919,915,1078,1133,1160,1217,1306,1373,1457
E07000084,      Basingstoke and Deane,419,386,346,302,274,251,232,217,198,176,156,141,125,122,106,93,81,71,57,39,40,36,29,30,27,30,29,27
E07000085,      East Hampshire,408,359,329,295,274,247,211,186,168,147,131,112,98,83,78,63,55,37,32,31,28,23,20,16,13,14,15,13
E07000086,      Eastleigh,316,297,312,255,247,209,190,173,170,136,130,106,97,83,74,56,41,33,26,19,17,18,19,17,16,14,11,12
E07000087,      Fareham,271,261,238,207,201,185,168,151,133,116,85,76,73,70,62,49,43,38,33,23,24,21,20,16,17,14,12,11
E07000088,      Gosport,84,72,68,64,57,54,51,43,40,37,31,27,26,18,15,13,14,8,5,c,c,c,c,c,c,c,5,5
E07000089,      Hart,305,287,260,232,207,188,166,143,155,137,121,117,109,103,98,91,82,76,77,73,70,65,64,63,64,66,65,59
E07000090,      Havant,202,200,184,159,147,128,112,101,109,104,97,84,82,71,66,55,48,37,35,28,27,19,14,14,14,14,16,17
E07000091,      New Forest,420,380,360,310,279,247,243,207,190,170,144,123,110,98,90,86,80,66,54,45,38,36,36,30,27,25,24,26
E07000092,      Rushmoor,627,643,598,438,456,389,380,362,380,395,395,411,435,482,488,496,498,526,564,603,619,806,883,928,993,1086,1161,1251
E07000093,      Test Valley,422,393,348,318,285,243,235,192,164,135,133,116,103,91,75,66,54,51,36,32,29,29,28,27,29,25,22,22
E07000094,      Winchester,461,426,381,308,292,249,224,193,178,160,153,120,101,86,68,56,46,34,26,19,17,18,13,12,11,11,10,11
,Local Authority District unknown 3,c,c,c,c,c,c,c,c,c,c,c,c,c,c,c,c,c,c,c,c,c,c,c,c,c,c,c,c
E10000016,   Kent,3128,2847,2637,2394,2202,2009,1812,1597,1484,1317,1198,998,879,768,652,493,414,313,280,249,231,216,197,184,179,161,163,155
E07000105,      Ashford,252,238,221,202,185,173,146,129,118,107,105,74,62,51,40,31,30,21,19,17,14,12,12,9,11,10,8,7
E07000106,      Canterbury,294,259,238,223,206,189,171,167,154,135,126,103,96,89,82,68,52,41,40,35,36,33,34,29,29,25,24,23
E07000107,      Dartford,227,195,172,152,135,117,112,102,88,76,69,51,50,43,45,29,26,19,18,14,13,11,11,9,9,c,c,6
E07000108,      Dover,148,131,123,112,98,91,80,68,61,59,58,50,37,33,29,26,22,17,16,15,15,14,14,12,11,10,14,15
E07000109,      Gravesham,159,143,133,124,110,97,88,69,61,51,39,36,31,25,23,17,12,9,7,6,5,7,7,7,7,7,6,7
E07000110,      Maidstone,336,293,271,244,229,198,177,161,149,125,113,94,83,70,57,35,29,23,19,16,14,15,14,13,11,11,7,7
E07000111,      Sevenoaks,408,382,354,322,296,276,251,229,217,192,167,147,121,105,84,60,49,44,34,29,24,25,19,18,15,17,19,18
E07000112,      Shepway,172,159,149,133,129,118,115,103,94,93,88,78,70,63,53,44,39,29,29,26,23,22,20,17,19,18,19,18
E07000113,      Swale,173,161,156,150,133,116,107,99,89,80,70,58,56,51,38,29,21,16,18,15,13,12,11,12,11,13,15,10
E07000114,      Thanet,171,169,159,134,127,128,117,105,100,88,83,75,67,58,42,36,32,23,19,17,16,13,7,8,8,7,8,6
E07000115,      Tonbridge and Malling,421,375,340,307,284,261,230,183,185,164,137,119,110,92,85,58,45,27,23,21,21,19,19,21,20,19,20,18
E07000116,      Tunbridge Wells,365,341,319,290,269,244,217,182,168,146,142,112,96,88,74,60,57,44,38,38,37,33,29,29,28,21,19,20
,Local Authority District unknown 3,c,c,c,c,c,c,c,0,0,c,c,c,0,0,0,0,0,0,0,0,0,0,0,0,0,0,0,0
E10000025,   Oxfordshire,2457,2218,1938,1770,1559,1361,1228,1097,987,882,738,645,563,523,523,449,370,294,248,204,175,176,165,161,263,245,216,171
E07000177,      Cherwell,714,655,553,513,431,357,333,306,286,271,235,215,193,205,234,197,156,111,98,67,53,49,48,46,150,142,111,69
E07000178,      Oxford,444,404,363,329,296,264,244,212,179,147,103,92,85,68,67,62,56,52,45,41,40,40,37,34,34,29,29,27
E07000179,      South Oxfordshire,583,536,470,424,377,337,298,256,224,198,175,150,124,108,92,80,68,53,41,37,35,36,33,34,33,27,26,24
E07000180,      Vale of White Horse,411,365,319,296,258,229,199,181,162,142,125,108,97,87,78,63,52,46,35,33,26,28,27,28,27,26,28,27
E07000181,      West Oxfordshire,304,258,233,208,197,174,154,142,136,124,100,80,64,55,52,47,38,32,29,26,21,23,20,19,19,21,22,24
,Local Authority District unknown 3,c,0,0,0,0,0,0,0,0,0,0,0,0,0,0,0,0,0,0,0,0,0,0,0,0,0,0,0
E10000030,   Surrey,4323,3983,3641,3250,2926,2612,2345,2039,1895,1613,1426,1195,1036,874,775,665,561,456,417,397,374,353,355,355,318,313,269,267
E07000207,      Elmbridge,825,764,730,669,599,521,464,415,409,340,305,252,216,196,166,133,102,79,54,51,54,50,47,51,39,37,23,24
E07000208,      Epsom and Ewell,178,162,140,129,111,97,94,76,67,58,52,43,40,35,34,31,26,20,16,17,14,11,10,9,8,9,9,9
E07000209,      Guildford,532,485,440,379,349,294,262,217,193,160,146,112,96,72,71,60,50,39,28,23,21,18,15,10,9,6,7,6
E07000210,      Mole Valley,327,308,279,244,201,185,160,145,135,113,102,89,76,62,57,48,43,32,25,24,24,20,19,17,17,18,19,18
E07000211,      Reigate and Banstead,534,501,442,393,382,359,316,263,240,209,169,142,128,117,107,93,89,72,91,95,87,89,96,103,89,89,60,60
E07000212,      Runnymede,256,245,219,201,173,163,148,126,122,93,87,80,66,61,51,49,45,39,37,31,27,25,25,23,25,29,27,26
E07000213,      Spelthorne,209,197,187,166,154,137,122,105,97,79,73,55,44,33,26,23,22,18,19,17,19,16,13,13,13,11,9,8
E07000214,      Surrey Heath,285,274,247,226,206,192,175,156,142,129,113,90,78,60,52,46,40,29,27,28,22,23,26,27,18,18,14,16
E07000215,      Tandridge,295,272,246,208,188,173,155,132,121,97,87,74,59,46,31,27,14,9,6,7,8,7,8,8,8,6,5,c
E07000216,      Waverley,587,521,479,438,385,340,320,289,263,224,194,171,164,144,137,123,106,102,96,90,86,86,85,82,82,77,83,85
E07000217,      Woking,294,253,231,195,176,150,128,114,105,110,97,86,68,47,42,31,23,16,17,13,11,7,9,10,9,12,12,11
,Local Authority District unknown 3,c,c,c,c,c,c,c,c,c,c,c,c,c,c,c,c,c,c,c,c,c,c,c,c,c,c,c,c
E10000032,   West Sussex,1836,1701,1551,1398,1308,1168,1066,929,848,769,686,564,482,431,362,285,250,208,197,175,165,148,132,119,113,110,106,103
E07000223,      Adur,99,89,83,78,71,63,57,51,46,42,39,31,26,23,16,13,9,10,8,9,11,11,8,8,8,8,8,7
E07000224,      Arun,237,219,206,183,181,166,154,133,120,109,101,85,74,64,51,42,34,26,22,17,15,12,9,8,7,6,9,10
E07000225,      Chichester,295,271,249,228,208,176,163,139,133,119,101,81,77,68,59,45,44,37,41,38,30,29,26,21,17,16,15,11
E07000226,      Crawley,177,166,147,132,121,114,112,100,100,95,76,65,55,60,52,42,39,34,33,28,31,26,26,23,22,21,21,21
E07000227,      Horsham,430,389,353,313,292,258,223,188,166,147,136,107,88,77,66,51,45,37,31,29,30,23,23,22,22,22,20,19
E07000228,      Mid Sussex,424,399,356,324,305,277,255,229,206,186,172,149,121,101,83,69,61,50,49,41,38,38,31,29,29,29,26,26
E07000229,      Worthing,172,166,156,139,129,113,101,88,76,69,60,45,40,37,34,22,17,13,12,12,9,8,8,7,7,7,6,8
,Local Authority District unknown 3,c,c,c,c,c,c,c,c,c,c,c,c,c,c,c,c,c,c,c,c,c,c,c,c,c,c,c,c
,Local Authority unknown 3,8,8,7,7,6,7,7,7,7,7,7,7,7,7,7,7,7,8,7,7,7,6,6,6,6,6,7,7
E12000009,South West,20658,17967,16383,14833,13353,11826,10844,9166,8355,7516,7340,6585,6052,5752,5368,3478,2803,2274,2027,1794,1683,1561,1410,1239,1139,1038,992,963
E06000022,   Bath and North East Somerset UA,445,394,347,335,293,255,217,196,175,147,123,100,88,81,67,57,43,33,27,22,22,18,18,19,17,15,16,19
E06000028,   Bournemouth UA,264,247,232,213,205,181,168,148,136,116,108,93,84,68,59,49,44,39,30,15,16,15,16,15,14,13,11,12
E06000023,   Bristol City UA,714,672,604,516,613,915,846,720,611,531,456,380,350,311,287,240,195,165,150,117,109,94,83,74,62,48,40,39
E06000052,   Cornwall UA,913,837,795,725,678,637,617,555,522,479,456,420,387,362,315,274,255,235,222,210,190,171,142,118,107,92,86,80
E06000053,   Isles of Scilly UA,56,56,54,53,53,51,51,51,51,50,50,53,53,51,50,48,47,50,48,48,48,48,46,46,45,43,39,37
E06000024,   North Somerset UA,534,498,462,427,388,359,327,305,280,249,212,173,163,142,111,100,87,73,68,57,50,46,44,41,40,37,33,32
E06000026,   Plymouth UA,184,171,144,127,105,99,88,79,68,60,61,57,50,48,39,37,38,31,28,28,26,20,18,19,18,14,12,10
E06000029,   Poole UA,357,328,310,288,274,251,234,207,189,164,151,126,107,94,83,72,65,54,46,41,40,42,39,39,42,41,38,37
E06000025,   South Gloucestershire UA,2292,2096,1643,1364,1031,479,418,361,335,283,242,188,160,126,108,88,71,67,59,58,56,45,44,40,39,39,37,37
E06000030,   Swindon UA,4687,4213,3699,3401,3137,2847,2703,2433,2192,1863,1622,1394,1266,1176,1038,895,731,637,597,511,472,413,336,223,170,112,99,89
E06000027,   Torbay UA,168,156,137,129,118,101,93,84,76,67,56,50,45,36,29,19,18,17,18,15,15,15,15,14,13,13,12,12
E06000054,   Wiltshire UA,1296,1171,1096,980,938,858,802,702,655,592,557,492,436,329,279,240,199,140,132,123,111,115,117,111,109,108,108,108
E10000008,   Devon,1834,1834,1663,1657,1330,1154,1055,866,818,715,647,535,481,612,538,284,247,202,161,144,136,128,119,120,117,125,126,123
E07000040,      East Devon,314,287,261,242,220,193,170,157,149,139,119,96,83,67,54,47,41,34,28,23,21,19,17,16,13,12,12,13
E07000041,      Exeter,464,578,526,601,374,298,274,169,169,119,106,79,74,262,253,44,39,41,24,19,17,19,16,20,20,21,18,20
E07000042,      Mid Devon,152,138,116,107,92,76,75,66,57,53,47,39,32,29,25,19,14,7,6,7,8,5,5,6,7,8,9,9
E07000043,      North Devon,196,186,170,157,149,141,120,111,106,86,79,69,62,52,47,37,32,27,24,23,23,20,19,17,13,11,12,8
E07000044,      South Hams,198,180,168,165,143,132,127,109,107,99,92,80,74,67,52,44,36,31,27,26,26,26,23,24,23,26,26,25
E07000045,      Teignbridge,305,278,250,218,200,175,158,136,123,116,104,88,78,70,54,53,51,37,29,26,24,24,25,25,27,32,34,33
E07000046,      Torridge,121,112,102,99,87,79,76,70,65,64,63,53,49,43,35,28,21,12,12,10,9,7,6,c,5,7,7,8
E07000047,      West Devon,84,75,70,68,65,60,55,48,42,39,37,31,29,22,18,12,13,13,11,10,8,8,8,8,9,8,8,7
E10000009,   Dorset,982,914,863,777,730,667,608,550,507,442,399,353,320,283,231,202,187,159,138,133,129,136,123,110,95,87,79,72
E07000048,      Christchurch,122,116,113,104,101,99,92,84,80,76,73,65,62,43,25,22,18,9,8,7,7,7,7,6,6,6,6,6
E07000049,      East Dorset,271,270,259,230,218,197,181,167,153,135,119,106,90,81,66,53,63,59,53,53,54,64,54,49,32,31,27,24
E07000050,      North Dorset,162,143,127,112,106,100,91,77,77,63,55,49,46,39,35,32,28,26,22,19,18,18,19,16,16,14,12,8
E07000051,      Purbeck,97,86,76,72,73,62,54,50,47,46,41,36,35,35,30,26,22,20,14,13,11,11,11,9,8,9,7,7
E07000052,      West Dorset,272,241,231,206,182,168,151,139,122,100,92,77,70,67,60,55,44,36,33,32,32,30,27,25,28,23,23,24
E07000053,      Weymouth and Portland,58,58,57,53,50,41,39,33,28,22,19,20,17,18,15,14,12,9,8,9,7,6,5,5,5,c,c,c
E10000013,   Gloucestershire,4943,3488,3489,3081,2760,2336,2013,1385,1266,1324,1805,1840,1769,1784,1915,686,415,242,193,173,163,160,160,156,154,153,155,157
E07000078,      Cheltenham,233,213,191,177,153,141,121,102,97,76,68,63,50,47,39,28,22,23,18,17,18,16,15,14,15,13,11,11
E07000079,      Cotswold,944,911,918,776,775,617,451,610,581,828,1098,1237,1271,1361,1552,383,178,65,37,26,24,27,34,35,34,35,42,48
E07000080,      Forest of Dean,184,165,153,132,116,110,97,77,65,61,55,47,42,35,29,24,18,11,13,11,9,10,11,10,10,10,9,9
E07000081,      Gloucester,2977,1649,1731,1551,1302,1099,1008,285,230,94,338,284,216,176,141,117,77,38,30,26,28,23,19,16,15,19,18,18
E07000082,      Stroud,369,339,298,263,242,217,192,178,166,150,139,115,106,92,81,64,57,49,40,39,35,36,33,32,32,31,29,28
E07000083,      Tewkesbury,235,211,197,181,172,152,144,133,127,115,107,94,84,73,73,70,63,56,55,54,49,48,48,49,48,45,46,43
,Local Authority District unknown 3,c,0,c,c,0,0,0,0,0,0,0,0,0,0,0,0,0,0,0,0,0,0,0,0,0,0,0,0
E10000027,   Somerset,982,886,837,754,695,631,599,518,468,428,389,326,288,244,214,182,156,125,105,93,94,89,85,89,92,93,96,94
E07000187,      Mendip,227,202,184,168,141,123,106,92,85,77,65,53,44,38,34,30,22,16,11,10,9,11,11,13,12,9,8,9
E07000188,      Sedgemoor,180,166,160,144,124,112,112,96,88,81,75,58,52,43,36,27,25,20,16,13,13,12,10,10,10,11,10,10
E07000189,      South Somerset,318,284,271,233,220,208,202,186,167,163,146,129,117,104,89,80,71,58,52,43,43,42,43,43,45,49,53,52
E07000190,      Taunton Deane,207,189,183,169,169,154,144,117,103,86,83,68,60,44,42,34,29,23,20,21,24,22,19,21,23,21,22,21
E07000191,      West Somerset,50,45,39,40,41,34,35,27,25,21,20,18,15,15,13,11,9,8,6,6,5,c,c,c,c,c,c,c
,Local Authority District unknown 3,7,6,8,6,5,5,5,6,6,6,6,5,5,5,5,5,5,5,5,6,6,6,5,5,5,5,5,5
W92000004,Wales,3791,3535,3275,2987,2805,2566,2413,2141,2012,1801,1654,1444,1308,1160,1009,827,690,551,475,435,416,399,378,362,366,350,343,328
W06000001,   Isle of Anglesey,93,90,82,72,78,75,74,69,64,56,54,51,44,36,35,27,20,17,9,9,6,5,5,5,5,c,5,c
W06000002,   Gwynedd,131,125,121,110,102,87,82,71,68,61,53,44,43,32,23,18,17,14,12,10,10,14,13,13,12,14,13,11
W06000003,   Conwy,135,126,125,111,107,96,91,81,79,72,68,63,54,47,41,33,23,17,16,13,14,12,10,7,10,10,8,9
W06000004,   Denbighshire,94,89,78,68,64,60,61,56,54,51,44,40,36,36,29,27,19,14,15,16,15,13,12,13,13,14,14,13
W06000005,   Flintshire,191,178,168,153,146,129,120,98,88,83,81,79,73,63,56,44,33,28,24,25,22,20,18,18,18,14,17,16
W06000006,   Wrexham,135,121,116,108,91,80,74,63,62,56,50,45,37,30,25,16,16,11,7,7,7,5,7,c,5,5,7,5
W06000023,   Powys,186,175,162,146,138,127,115,102,96,83,79,69,60,54,49,40,38,34,29,28,30,28,28,28,29,24,15,16
W06000008,   Ceredigion,66,53,53,51,46,48,41,35,33,28,24,17,17,16,17,16,12,10,9,7,5,7,7,6,6,7,7,7
W06000009,   Pembrokeshire,148,142,140,128,115,113,104,96,85,73,65,67,58,54,47,38,32,26,20,16,13,15,12,7,9,9,9,9
W06000010,   Carmarthenshire,229,209,205,188,186,169,166,140,141,139,129,106,92,87,76,55,48,39,30,28,28,25,23,21,21,16,15,14
W06000011,   Swansea,535,514,448,375,350,319,310,289,258,230,198,166,156,137,111,87,64,48,40,32,32,28,28,30,30,30,30,25
W06000012,   Neath Port Talbot,90,84,82,74,75,69,65,63,64,58,58,50,43,35,28,21,18,11,9,6,c,c,c,c,c,c,c,c
W06000013,   Bridgend,266,240,222,205,198,178,170,136,130,108,93,68,57,52,31,28,18,11,8,5,5,6,6,6,5,c,6,c
W06000014,   The Vale of Glamorgan,235,208,189,190,166,141,128,119,114,97,85,75,67,57,45,36,33,28,26,25,27,25,24,23,24,22,24,23
W06000015,   Cardiff,501,464,418,395,361,352,319,286,259,245,238,209,197,184,183,172,159,135,127,126,123,120,118,116,116,117,115,114
W06000016,   Rhondda Cynon Taf,154,149,145,130,125,117,108,97,92,76,68,60,58,51,42,36,32,27,22,18,20,20,18,17,15,14,12,14
W06000024,   Merthyr Tydfil,29,27,21,17,17,13,10,11,10,8,8,8,6,6,7,7,6,c,5,c,c,c,c,c,c,c,c,c
W06000018,   Caerphilly,109,100,92,91,92,84,82,78,74,61,57,52,48,37,35,27,19,13,12,11,8,7,c,8,7,7,8,8
W06000019,   Blaenau Gwent,27,24,22,18,16,13,14,12,13,11,11,9,9,7,5,c,c,c,c,c,c,c,c,0,c,c,0,0
W06000020,   Torfaen,69,68,63,60,52,45,47,42,42,38,38,29,29,24,21,17,12,10,5,5,6,8,7,5,5,5,c,6
W06000021,   Monmouthshire,202,191,184,166,150,137,121,95,90,79,73,68,60,54,49,36,28,19,14,11,9,9,8,8,7,5,5,c
W06000022,   Newport,160,153,131,122,121,106,102,93,87,80,71,59,54,50,43,31,29,23,23,20,16,12,13,12,13,15,14,13
,Local Authority unknown 3,6,5,8,9,9,8,9,9,9,8,9,10,10,11,11,11,11,10,11,11,11,11,11,11,11,9,10,10
S92000003,Scotland,10360,9315,8404,7506,6895,6082,5503,4856,4491,4015,3646,3160,2778,2493,2180,1784,1512,1220,1047,909,857,800,729,697,653,599,533,495
S12000033,   Aberdeen City,376,367,349,323,296,268,254,236,220,198,179,159,140,119,102,80,61,44,35,36,31,26,24,23,23,20,21,20
S12000034,   Aberdeenshire,544,512,469,428,394,352,314,276,253,232,209,186,156,134,111,89,74,56,43,39,36,37,34,31,29,29,27,24
S12000041,   Angus,220,185,159,138,133,115,102,94,83,76,75,68,65,59,47,39,28,22,20,19,16,15,12,8,8,7,5,5
S12000035,   Argyll and Bute,146,130,125,112,89,84,80,68,67,61,57,48,42,34,26,26,25,20,17,14,14,13,13,12,11,8,7,7
S12000005,   Clackmannanshire,72,69,63,59,58,54,47,45,36,29,21,19,17,14,13,11,9,8,8,7,6,6,6,6,6,c,c,c
S12000006,   Dumfries and Galloway,157,149,144,128,115,101,92,81,77,69,65,57,54,47,39,29,25,15,11,10,10,8,8,9,10,12,10,7
S12000042,   Dundee City,358,335,311,284,279,254,241,224,215,196,191,176,161,157,152,144,139,125,91,92,92,89,85,83,73,61,59,54
S12000008,   East Ayrshire,132,112,110,99,91,89,79,65,56,52,47,37,33,28,24,20,18,13,9,10,8,6,6,6,6,8,8,7
S12000045,   East Dunbartonshire,163,154,140,111,96,86,76,65,63,53,42,37,37,33,32,25,23,17,13,10,10,9,7,6,5,7,c,c
S12000010,   East Lothian,210,191,174,160,143,119,110,95,87,85,81,61,55,46,36,26,23,16,14,12,10,10,11,9,10,11,10,10
S12000011,   East Renfrewshire,215,177,174,157,157,137,115,97,85,81,67,49,45,32,29,23,16,14,10,7,6,5,5,c,c,c,c,5
S12000036,   Edinburgh City,873,793,715,666,589,524,443,390,350,305,273,235,204,183,165,132,121,95,91,75,76,68,62,61,57,44,37,39
S12000013,   Eilean Siar ,24,21,23,19,20,20,18,16,16,15,13,12,10,8,8,7,6,c,c,c,c,c,c,c,c,c,c,c
S12000014,   Falkirk,167,152,146,126,119,108,101,84,80,70,63,56,46,41,34,27,22,21,19,17,15,13,12,12,9,9,8,c
S12000047,   Fife,591,544,509,460,443,401,373,339,308,272,253,205,184,158,131,119,100,77,67,59,57,57,53,53,45,44,35,33
S12000046,   Glasgow City,549,497,451,412,385,365,333,313,296,280,453,455,389,373,338,257,210,181,167,129,131,125,109,110,96,84,78,79
S12000017,   Highland,291,252,232,204,190,171,156,145,140,113,103,95,77,69,66,50,49,43,39,33,33,29,26,23,23,23,18,17
S12000018,   Inverclyde,68,64,58,53,47,38,35,37,31,28,24,20,20,16,17,15,13,10,10,9,7,7,7,6,7,7,6,6
S12000019,   Midlothian,156,138,133,118,112,98,94,77,76,64,64,64,51,51,39,36,32,24,17,15,13,10,8,6,6,5,c,c
S12000020,   Moray,96,90,74,66,62,54,44,44,44,42,38,38,34,36,37,34,30,30,30,29,28,28,29,28,27,29,24,21
S12000021,   North Ayrshire,128,119,104,92,91,84,86,79,75,73,72,61,57,50,43,34,25,16,15,13,9,12,8,8,7,6,5,5
S12000044,   North Lanarkshire,286,261,240,228,219,208,206,190,175,154,150,128,113,114,94,77,59,46,44,37,35,34,29,24,23,25,26,24
S12000023,   Orkney Islands,217,200,187,174,161,142,123,111,101,91,85,75,70,64,56,47,39,30,24,11,10,c,c,c,c,c,c,c
S12000048,   Perth and Kinross,341,307,290,254,239,209,184,156,153,130,109,94,77,67,61,46,43,32,27,24,24,21,19,17,18,18,15,7
S12000038,   Renfrewshire,1857,1632,1344,1108,973,751,664,549,507,432,140,127,114,101,80,71,59,60,53,51,46,45,42,40,41,37,36,33
S12000026,   Scottish Borders,241,214,202,183,161,141,139,125,122,115,100,89,80,74,71,62,57,46,41,40,36,31,28,28,26,20,18,18
S12000027,   Shetland Islands,46,44,43,39,38,37,34,28,25,22,25,18,17,13,11,9,7,6,5,5,5,5,6,6,5,5,c,c
S12000028,   South Ayrshire,146,127,111,104,91,85,88,78,80,79,79,59,55,46,47,39,35,28,24,20,16,15,13,11,10,6,5,5
S12000029,   South Lanarkshire,417,358,354,337,325,309,277,250,236,216,201,188,170,143,128,97,81,54,50,42,38,34,29,31,27,28,27,26
S12000030,   Stirling,916,806,678,607,549,468,404,322,272,230,190,133,105,95,74,55,37,33,27,24,19,18,16,13,13,11,8,c
S12000039,   West Dunbartonshire,84,77,70,56,52,52,49,43,43,40,24,23,21,17,12,11,9,9,6,c,c,c,c,5,6,7,6,5
S12000040,   West Lothian,267,232,215,195,174,153,137,128,113,106,94,83,74,66,52,42,32,21,12,9,10,10,7,7,7,8,7,7
,Local Authority unknown 3,6,6,7,6,c,5,5,6,6,6,59,5,5,5,5,5,5,c,c,c,c,c,c,c,8,7,7,7
N92000002,Northern Ireland,2433,2286,2100,1933,1765,1621,1506,1347,1228,1085,993,839,746,662,568,457,392,302,294,257,230,208,173,164,148,121,104,99
N09000001,   Antrim and Newtownabbey,305,298,261,247,229,211,211,180,172,152,146,126,109,97,85,63,47,34,29,25,21,19,18,15,12,9,12,13
N09000011,   Ards and North Down,206,190,167,157,130,117,114,101,93,83,77,65,62,52,40,28,22,19,20,18,17,14,13,14,13,11,9,10
N09000002,"   Armagh City, Banbridge and Craigavon",203,190,185,172,162,149,134,131,123,110,104,81,67,54,47,36,31,24,28,24,24,21,15,14,9,11,10,10
N09000003,   Belfast,820,771,704,645,570,512,464,411,339,282,245,192,152,132,127,108,98,72,72,66,61,55,48,47,45,38,29,27
N09000004,   Causeway Coast and Glens,120,115,107,93,85,84,77,66,61,60,55,50,46,43,41,37,32,25,19,17,14,13,12,11,10,6,5,5
N09000005,   Derry City and Strabane,86,79,76,72,72,63,59,60,61,54,56,55,51,49,41,36,31,24,18,15,11,11,7,9,9,6,5,c
N09000006,   Fermanagh and Omagh,66,68,59,57,56,54,52,48,45,45,47,36,35,33,31,24,23,18,17,16,16,15,15,13,11,8,5,c
N09000007,   Lisburn and Castlereagh,207,187,176,168,158,144,127,105,95,80,70,61,59,53,44,36,28,18,23,19,18,18,14,12,11,10,9,9
N09000008,   Mid and East Antrim,137,125,116,106,96,91,83,77,80,73,67,64,57,54,43,29,28,25,28,23,17,16,13,12,13,8,5,c
N09000009,   Mid Ulster,109,97,94,72,73,72,73,69,67,56,47,36,38,32,24,20,19,14,11,10,9,8,8,7,6,6,7,7
N09000010,"   Newry, Mourne and Down",118,114,105,98,90,88,78,69,66,60,54,49,47,44,39,36,30,26,25,20,18,14,8,8,8,7,7,6
,Local Authority unknown 3,56,52,50,46,44,36,34,30,26,30,25,24,23,19,6,c,c,c,c,c,c,c,c,c,c,c,c,c
,Vehicle under disposal,3469,2914,3182,2437,2573,1944,1753,1511,1367,908,885,767,999,684,653,464,593,643,540,492,493,595,520,558,369,480,402,272
,Region/Country unknown 3,31,33,29,30,26,26,25,24,25,25,26,25,23,24,24,24,24,24,23,21,21,21,23,23,23,23,23,23
,,,,,,,,,,,,,,,,,,,,,,,,,,,,,
c. Value has been suppressed to avoid disclosing personal information.,,,,,,,,,,,,,,,,,,,,,,,,,,,,,
"1. Department for Transport uses the term 'ultra-low emission vehicles' to refer to vehicles with significantly lower levels of tailpipe emissions than conventional vehicles. In practice, the term currently refers to electric, plug-in hybrid and hydrogen fuel-cell vehicles.For the purposes of this indicator, all vehicles with fully electric power, and cars and vans with tail-pipe emissions below 75 g/km of CO2 have been included.",,,,,,,,,,,,,,,,,,,,,,,,,,,,,
2. Vehicles are allocated to a local authority according to the postcode of the registered keeper. This is the keeper's address for privately owned vehicles or the company's registered address for company owned vehicles. Significant changes in the number of vehicles from year to year can often occur when a companies with a large number of vehicles change their registered address. The address does not necessarily reflect where the vehicle is kept.,,,,,,,,,,,,,,,,,,,,,,,,,,,,,
3. Refers to vehicles where the geographical location cannot be allocated due to the postcode being incomplete.,,,,,,,,,,,,,,,,,,,,,,,,,,,,,
,,,,,,,,,,,,,,,,,,,,,,,,,,,,,
Telephone: 020 7944 3077,,,,,,,,,,,,,,,,,,,,,,,,,,,,,
vehicles.stats@dft.gov.uk,,,,,,,,,,,,,,,,,,,,,,,,,,,,,
Notes & definitions: https://www.gov.uk/government/publications/vehicles-statistics-guidance,,,,,,,,,,,,,,,,,,,,,,,,,,,,,
,,,,,,,,,,,,,,,,,,,,,,,,,,,,,
Source: DVLA/DfT,,,,,,,,,,,,,,,,,,,,,,,,,,,,,
Last updated: 13 December 2018,,,,,,,,,,,,,,,,,,,,,,,,,,,,,
Next update: April 2019,,,,,,,,,,,,,,,,,,,,,,,,,,,,,